Zeit,I1max,I2max,I3max
16.08.2017 09:10,19.256,46.802,29.0394
16.08.2017 09:20,11.9975,11.4696,14.575
16.08.2017 09:30,10.02,3.49508,14.1743
16.08.2017 09:40,11.8023,9.4114,13.9835
16.08.2017 09:50,9.73604,9.40928,11.0654
16.08.2017 10:00,3.30976,4.30313,10.1749
16.08.2017 10:10,8.99883,9.57725,15.8896
16.08.2017 10:20,13.9276,4.94698,15.2085
16.08.2017 10:30,11.5142,11.5771,14.1236
16.08.2017 10:40,5.36979,9.43052,11.0751
16.08.2017 10:50,12.5313,7.96378,12.1124
16.08.2017 11:00,6.40417,13.3615,22.7822
16.08.2017 11:10,11.6784,10.6183,20.4366
16.08.2017 11:20,11.9235,3.26653,18.1503
16.08.2017 11:30,15.4099,12.5115,17.9717
16.08.2017 11:40,14.8881,17.8321,23.8239
16.08.2017 11:50,12.9619,13.7327,17.7597
16.08.2017 12:00,13.1928,15.1482,14.7855
16.08.2017 12:10,12.6774,10.7532,16.6714
16.08.2017 12:20,4.88449,10.5252,11.1156
16.08.2017 12:30,1.38205,12.9283,17.19
16.08.2017 12:40,7.27938,12.1819,10.7633
16.08.2017 12:50,11.1418,18.4387,11.9686
16.08.2017 13:00,12.3297,25.485,12.2342
16.08.2017 13:10,12.2481,17.1764,17.7383
16.08.2017 13:20,11.4185,23.0186,20.1898
16.08.2017 13:30,12.0713,27.5147,22.4346
16.08.2017 13:40,3.60463,17.0028,11.7183
16.08.2017 13:50,8.47358,9.85061,7.7787
16.08.2017 14:00,6.26102,4.11651,9.17541
16.08.2017 14:10,5.19416,9.26179,10.4126
16.08.2017 14:20,8.43424,10.8568,12.8269
16.08.2017 14:30,12.4275,10.7621,15.16
16.08.2017 14:40,5.80567,10.2774,9.37774
16.08.2017 14:50,8.29321,9.46618,6.80331
16.08.2017 15:00,9.04711,7.51534,11.6165
16.08.2017 15:10,7.80016,9.92226,10.4427
16.08.2017 15:20,8.69808,3.32602,6.50938
16.08.2017 15:30,12.8863,10.6722,13.03
16.08.2017 15:40,13.541,11.1805,14.3813
16.08.2017 15:50,14.6286,10.5474,17.1997
16.08.2017 16:00,9.41586,11.6279,13.6904
16.08.2017 16:10,6.99961,9.42048,10.98
16.08.2017 16:20,8.50838,6.40215,10.9199
16.08.2017 16:30,12.4955,11.0227,13.7982
16.08.2017 16:40,3.71162,9.71857,12.095
16.08.2017 16:50,8.63338,9.46706,9.76816
16.08.2017 17:00,11.7732,9.27987,11.4855
16.08.2017 17:10,4.77047,5.72537,11.9794
16.08.2017 17:20,17.9015,9.51192,10.8907
16.08.2017 17:30,13.4353,11.0268,18.2215
16.08.2017 17:40,7.92243,8.39488,16.7287
16.08.2017 17:50,18.082,9.78425,10.9919
16.08.2017 18:00,17.7121,17.0577,16.8455
16.08.2017 18:10,11.1413,8.32306,12.3382
16.08.2017 18:20,12.9191,11.1103,18.9437
16.08.2017 18:30,11.9089,11.1913,17.2215
16.08.2017 18:40,7.0641,3.97323,11.5926
16.08.2017 18:50,12.0393,12.8517,22.056
16.08.2017 19:00,9.06157,13.1435,25.288
16.08.2017 19:10,13.6404,10.762,27.5293
16.08.2017 19:20,20.1142,11.2545,27.9649
16.08.2017 19:30,13.9139,7.23255,19.3258
16.08.2017 19:40,11.7255,10.7307,9.57292
16.08.2017 19:50,11.5514,14.3513,14.881
16.08.2017 20:00,10.8953,9.13326,9.40619
16.08.2017 20:10,5.14672,13.7311,11.2651
16.08.2017 20:20,6.43939,13.6392,7.61585
16.08.2017 20:30,7.68097,7.64255,9.61402
16.08.2017 20:40,12.0736,13.901,10.3906
16.08.2017 20:50,6.39023,13.6063,7.91968
16.08.2017 21:00,12.2087,11.6956,13.7147
16.08.2017 21:10,13.5651,19.5786,24.1736
16.08.2017 21:20,14.2327,19.4344,21.9399
16.08.2017 21:30,9.34181,10.3869,8.1509
16.08.2017 21:40,10.7797,9.98073,11.5253
16.08.2017 21:50,16.0914,7.92749,12.5144
16.08.2017 22:00,8.59404,9.87267,10.0724
16.08.2017 22:10,6.93098,9.78445,11.3353
16.08.2017 22:20,6.53161,4.28301,8.07991
16.08.2017 22:30,26.1087,27.0974,33.0759
16.08.2017 22:40,20.6098,17.0418,27.5746
16.08.2017 22:50,18.8272,21.0665,24.5223
16.08.2017 23:00,18.8643,22.7421,22.7069
16.08.2017 23:10,17.3287,15.9769,17.5201
16.08.2017 23:20,14.4705,13.0889,13.5726
16.08.2017 23:30,3.58406,11.1349,11.0535
16.08.2017 23:40,2.37829,5.18463,13.4841
16.08.2017 23:50,4.07499,14.1297,16.0505
17.08.2017 00:00,2.82553,12.434,12.9155
17.08.2017 00:10,8.57119,3.46437,8.97601
17.08.2017 00:20,11.6623,9.56873,9.61544
17.08.2017 00:30,8.1458,10.0387,11.1069
17.08.2017 00:40,2.58525,3.44433,6.70712
17.08.2017 00:50,5.01783,9.34239,10.9006
17.08.2017 01:00,10.2225,4.66154,13.0604
17.08.2017 01:10,1.25082,9.67529,6.7821
17.08.2017 01:20,8.01292,9.44156,9.21298
17.08.2017 01:30,11.4325,3.79525,9.77722
17.08.2017 01:40,2.32402,9.89719,9.34373
17.08.2017 01:50,10.1747,9.32744,11.1202
17.08.2017 02:00,7.84029,3.83651,8.3823
17.08.2017 02:10,1.61558,9.51607,12.2059
17.08.2017 02:20,7.83536,9.4174,6.99168
17.08.2017 02:30,2.67564,5.46337,10.6224
17.08.2017 02:40,1.704,9.6155,10.7351
17.08.2017 02:50,11.2277,8.99604,9.92432
17.08.2017 03:00,8.36746,4.38162,10.3904
17.08.2017 03:10,7.69486,9.43444,7.7103
17.08.2017 03:20,6.85932,9.6615,6.81851
17.08.2017 03:30,2.46265,9.29599,9.95729
17.08.2017 03:40,6.3741,9.08977,6.1736
17.08.2017 03:50,7.71653,3.80047,11.1133
17.08.2017 04:00,11.4772,9.16027,10.7747
17.08.2017 04:10,8.47568,9.21165,9.36862
17.08.2017 04:20,2.67239,9.06669,6.58734
17.08.2017 04:30,4.84448,10.3835,6.19388
17.08.2017 04:40,5.76002,10.3972,9.00672
17.08.2017 04:50,7.76106,4.61743,12.4774
17.08.2017 05:00,7.3223,10.5969,7.53462
17.08.2017 05:10,11.0117,4.03731,9.14718
17.08.2017 05:20,10.1456,10.1411,9.91365
17.08.2017 05:30,7.01916,10.3772,9.69774
17.08.2017 05:40,6.64283,3.71393,12.188
17.08.2017 05:50,3.05028,10.5895,6.89304
17.08.2017 06:00,7.94673,9.26904,9.78747
17.08.2017 06:10,9.7031,4.05599,11.3169
17.08.2017 06:20,3.47337,8.95336,15.0956
17.08.2017 06:30,11.3001,10.7559,10.6147
17.08.2017 06:40,13.2361,12.7647,17.8448
17.08.2017 06:50,11.368,12.5971,12.308
17.08.2017 07:00,3.63909,15.4167,10.6455
17.08.2017 07:10,7.72431,22.6152,10.4752
17.08.2017 07:20,6.53355,9.05385,10.9702
17.08.2017 07:30,7.4708,3.96311,10.6543
17.08.2017 07:40,11.156,9.41638,10.7967
17.08.2017 07:50,12.5591,11.7823,16.5207
17.08.2017 08:00,8.26644,8.65072,14.6281
17.08.2017 08:10,21.0582,14.9733,22.234
17.08.2017 08:20,9.96403,9.14106,18.2668
17.08.2017 08:30,12.0493,11.102,17.6805
17.08.2017 08:40,9.5215,10.3882,8.68889
17.08.2017 08:50,19.3355,3.27832,12.6757
17.08.2017 09:00,17.0018,10.5965,12.5113
17.08.2017 09:10,10.2165,10.336,12.0847
17.08.2017 09:20,8.72656,7.2491,10.0358
17.08.2017 09:30,8.73426,9.04799,9.61044
17.08.2017 09:40,7.82562,9.2935,12.5554
17.08.2017 09:50,5.77584,5.39611,10.8575
17.08.2017 10:00,5.67759,11.1911,12.557
17.08.2017 10:10,11.9646,10.3466,19.7535
17.08.2017 10:20,20.2091,26.545,35.9585
17.08.2017 10:30,12.6635,16.8605,19.7362
17.08.2017 10:40,15.358,16.3718,17.0002
17.08.2017 10:50,13.3654,12.0355,13.6347
17.08.2017 11:00,12.3887,11.0644,9.92706
17.08.2017 11:10,8.06057,7.98657,12.0717
17.08.2017 11:20,13.0617,9.26967,7.66156
17.08.2017 11:30,8.70001,23.3541,16.7228
17.08.2017 11:40,20.2952,20.2555,25.841
17.08.2017 11:50,32.5082,20.6946,25.0644
17.08.2017 12:00,19.3743,20.2908,22.6161
17.08.2017 12:10,22.8882,17.5511,13.9184
17.08.2017 12:20,9.72019,14.5254,17.1369
17.08.2017 12:30,7.83051,7.31344,14.9922
17.08.2017 12:40,11.9687,9.16298,11.4137
17.08.2017 12:50,10.4788,9.56469,23.0812
17.08.2017 13:00,8.62474,5.81246,19.2245
17.08.2017 13:10,11.506,9.40574,24.3923
17.08.2017 13:20,16.3806,10.5684,21.5982
17.08.2017 13:30,9.22328,3.19011,10.4993
17.08.2017 13:40,12.7681,10.5405,16.6692
17.08.2017 13:50,13.7611,4.58871,10.3902
17.08.2017 14:00,9.67244,10.1032,10.2085
17.08.2017 14:10,8.0095,9.18405,11.9484
17.08.2017 14:20,12.5075,10.631,17.8194
17.08.2017 14:30,7.67153,10.2724,7.80948
17.08.2017 14:40,10.0766,14.0817,8.80001
17.08.2017 14:50,5.49309,6.54188,11.0535
17.08.2017 15:00,12.0765,9.28746,16.7805
17.08.2017 15:10,9.37359,9.16562,11.4453
17.08.2017 15:20,8.68499,4.02155,7.8102
17.08.2017 15:30,10.5543,9.3011,11.5551
17.08.2017 15:40,11.92,10.4344,16.6217
17.08.2017 15:50,10.5667,11.5146,13.5584
17.08.2017 16:00,9.45688,11.1888,11.5945
17.08.2017 16:10,3.67212,12.6951,12.6922
17.08.2017 16:20,11.7059,10.6568,11.4028
17.08.2017 16:30,4.44582,13.4708,10.3135
17.08.2017 16:40,2.00948,11.2889,15.9369
17.08.2017 16:50,6.36377,10.5651,11.3278
17.08.2017 17:00,9.33193,9.37462,10.8214
17.08.2017 17:10,12.7479,11.1854,15.3348
17.08.2017 17:20,12.1869,12.1349,19.8809
17.08.2017 17:30,12.5986,7.24755,12.1256
17.08.2017 17:40,13.9036,10.436,21.2794
17.08.2017 17:50,12.8288,9.81981,9.70247
17.08.2017 18:00,10.4184,4.5402,11.0121
17.08.2017 18:10,8.17959,10.4279,8.48996
17.08.2017 18:20,8.89811,19.2781,19.325
17.08.2017 18:30,12.3219,16.0105,15.7763
17.08.2017 18:40,12.8234,13.7597,20.1145
17.08.2017 18:50,25.7646,10.1648,12.2812
17.08.2017 19:00,12.4015,11.5804,18.5324
17.08.2017 19:10,24.3067,11.2214,13.1881
17.08.2017 19:20,14.4182,9.09747,13.7887
17.08.2017 19:30,8.93385,10.484,17.2011
17.08.2017 19:40,14.0553,12.581,15.9697
17.08.2017 19:50,16.6074,8.35774,19.3162
17.08.2017 20:00,16.6056,13.9646,11.3393
17.08.2017 20:10,14.6192,12.4249,14.8874
17.08.2017 20:20,5.65421,11.5425,14.7448
17.08.2017 20:30,13.0118,9.38888,13.1501
17.08.2017 20:40,21.1637,11.191,16.6839
17.08.2017 20:50,13.5264,6.44279,16.8793
17.08.2017 21:00,3.00008,10.6612,12.4808
17.08.2017 21:10,12.6465,10.6658,16.9713
17.08.2017 21:20,14.8514,10.4563,13.5523
17.08.2017 21:30,8.60071,9.17546,15.498
17.08.2017 21:40,8.68399,3.2983,14.2672
17.08.2017 21:50,7.47848,9.4189,13.0955
17.08.2017 22:00,10.9051,9.37976,14.4418
17.08.2017 22:10,5.28549,4.7938,9.99199
17.08.2017 22:20,11.6265,9.78964,11.6459
17.08.2017 22:30,7.50313,9.56217,10.2715
17.08.2017 22:40,5.50751,3.66736,12.7235
17.08.2017 22:50,9.56212,9.67792,13.3236
17.08.2017 23:00,8.69456,3.61202,11.2858
17.08.2017 23:10,7.80097,9.70252,13.1479
17.08.2017 23:20,8.439,10.1163,13.0879
17.08.2017 23:30,12.8986,6.1785,11.6424
17.08.2017 23:40,15.4115,12.5415,17.0685
17.08.2017 23:50,10.5117,10.7538,11.0534
18.08.2017 00:00,5.03096,6.55645,12.2637
18.08.2017 00:10,5.28738,10.5841,9.82832
18.08.2017 00:20,10.4195,6.49365,13.4744
18.08.2017 00:30,11.7557,10.5425,8.53039
18.08.2017 00:40,2.22198,10.7944,13.3937
18.08.2017 00:50,10.8542,7.58811,10.9973
18.08.2017 01:00,9.85476,10.3593,11.5723
18.08.2017 01:10,2.40669,9.72832,11.9107
18.08.2017 01:20,7.21657,3.15142,12.5159
18.08.2017 01:30,9.98231,9.19044,11.5263
18.08.2017 01:40,1.38528,9.29663,8.63004
18.08.2017 01:50,9.47594,5.00127,10.2223
18.08.2017 02:00,10.8272,9.41129,10.6962
18.08.2017 02:10,7.79705,3.24237,8.57704
18.08.2017 02:20,7.03528,9.36255,10.4385
18.08.2017 02:30,9.48236,9.18508,11.4547
18.08.2017 02:40,7.67926,3.07936,11.817
18.08.2017 02:50,7.04381,9.06168,10.7646
18.08.2017 03:00,2.62488,9.28872,10.2639
18.08.2017 03:10,10.7383,3.42007,12.9354
18.08.2017 03:20,10.1167,8.98901,8.30774
18.08.2017 03:30,8.20474,9.20168,9.78041
18.08.2017 03:40,1.96109,3.12422,10.5998
18.08.2017 03:50,6.99442,9.43,8.12401
18.08.2017 04:00,9.47997,3.47271,12.1411
18.08.2017 04:10,1.75863,9.3854,12.3509
18.08.2017 04:20,3.94103,9.52481,12.4344
18.08.2017 04:30,12.9427,10.484,10.7318
18.08.2017 04:40,7.58056,9.27977,7.45824
18.08.2017 04:50,9.72434,9.64396,10.5949
18.08.2017 05:00,8.68227,5.65765,11.4304
18.08.2017 05:10,6.39647,9.39896,6.95722
18.08.2017 05:20,10.0954,9.38548,11.9949
18.08.2017 05:30,9.36127,4.53386,10.6752
18.08.2017 05:40,11.3502,8.97219,16.269
18.08.2017 05:50,8.57669,3.72915,9.54331
18.08.2017 06:00,8.48862,9.19509,11.0339
18.08.2017 06:10,13.0948,10.8532,12.3104
18.08.2017 06:20,11.3766,8.20791,10.5068
18.08.2017 06:30,12.2674,10.6754,16.6546
18.08.2017 06:40,3.79596,9.93551,20.8895
18.08.2017 06:50,17.884,10.3071,13.2631
18.08.2017 07:00,12.1259,10.0202,12.9166
18.08.2017 07:10,7.36905,17.558,11.9806
18.08.2017 07:20,7.67393,11.36,7.6159
18.08.2017 07:30,2.08279,9.15219,9.59529
18.08.2017 07:40,9.84023,18.8072,11.0221
18.08.2017 07:50,13.0543,17.6053,13.5689
18.08.2017 08:00,20.2277,11.5875,15.8145
18.08.2017 08:10,9.71204,5.25573,12.9992
18.08.2017 08:20,3.07663,9.30263,18.0011
18.08.2017 08:30,10.0724,9.17945,12.4731
18.08.2017 08:40,7.50898,3.99419,10.4421
18.08.2017 08:50,8.61207,9.30131,11.969
18.08.2017 09:00,8.09458,9.09914,10.1068
18.08.2017 09:10,6.01037,5.57218,15.935
18.08.2017 09:20,13.219,10.2975,14.4307
18.08.2017 09:30,15.1185,21.0693,14.2976
18.08.2017 09:40,11.036,15.2872,22.3745
18.08.2017 09:50,12.4493,17.8203,12.5233
18.08.2017 10:00,7.71879,11.3035,12.5444
18.08.2017 10:10,3.64721,10.7703,12.1903
18.08.2017 10:20,11.4401,14.0468,16.6532
18.08.2017 10:30,26.5117,16.8348,20.1493
18.08.2017 10:40,11.0688,10.2754,14.2971
18.08.2017 10:50,7.81772,9.39074,10.6805
18.08.2017 11:00,11.9166,10.4153,14.2733
18.08.2017 11:10,7.23349,10.1031,33.9013
18.08.2017 11:20,3.94348,9.03636,26.6786
18.08.2017 11:30,10.1807,10.1422,17.8285
18.08.2017 11:40,12.5691,15.8713,27.7081
18.08.2017 11:50,8.95864,13.4446,18.4299
18.08.2017 12:00,11.0328,10.012,16.8165
18.08.2017 12:10,5.39648,9.65173,11.0462
18.08.2017 12:20,9.93181,3.35584,11.8662
18.08.2017 12:30,1.34328,9.45035,11.0797
18.08.2017 12:40,7.63219,9.72697,7.84294
18.08.2017 12:50,1.87979,4.07691,16.5418
18.08.2017 13:00,10.9341,9.37003,13.3345
18.08.2017 13:10,5.85222,9.24514,16.3523
18.08.2017 13:20,6.34993,12.7063,7.86001
18.08.2017 13:30,10.813,12.0103,14.5815
18.08.2017 13:40,3.94402,11.7244,13.2768
18.08.2017 13:50,11.6204,18.0289,14.501
18.08.2017 14:00,12.7004,18.9024,16.1498
18.08.2017 14:10,13.2505,18.141,14.3255
18.08.2017 14:20,7.19673,15.4854,10.2728
18.08.2017 14:30,10.2856,11.3579,12.8689
18.08.2017 14:40,3.71688,4.91103,8.34886
18.08.2017 14:50,6.20604,9.01539,11.311
18.08.2017 15:00,7.21606,9.31467,11.4463
18.08.2017 15:10,11.8731,10.2414,16.3508
18.08.2017 15:20,12.7471,10.1454,12.317
18.08.2017 15:30,2.35069,2.94531,8.27088
18.08.2017 15:40,12.1597,10.5586,20.6091
18.08.2017 15:50,8.19721,10.819,20.8626
18.08.2017 16:00,4.6593,13.1621,20.5918
18.08.2017 16:10,9.2581,9.51125,8.20312
18.08.2017 16:20,5.41598,9.55585,10.1784
18.08.2017 16:30,12.9658,3.84545,11.8479
18.08.2017 16:40,5.56188,9.45049,11.8119
18.08.2017 16:50,7.2449,7.00009,11.8223
18.08.2017 17:00,9.72943,9.33677,11.5978
18.08.2017 17:10,7.68575,10.4346,7.88454
18.08.2017 17:20,13.4517,10.5864,9.03426
18.08.2017 17:30,12.2368,12.2907,18.403
18.08.2017 17:40,8.52214,9.96934,15.3075
18.08.2017 17:50,12.8417,4.81816,16.2835
18.08.2017 18:00,9.83558,10.3581,13.4002
18.08.2017 18:10,4.57789,10.0442,19.5657
18.08.2017 18:20,10.4707,5.95744,14.0512
18.08.2017 18:30,13.351,11.1314,13.6235
18.08.2017 18:40,12.3235,18.2262,14.473
18.08.2017 18:50,7.2471,18.5978,15.1489
18.08.2017 19:00,11.7894,9.95885,12.55
18.08.2017 19:10,10.4259,5.34054,9.9361
18.08.2017 19:20,13.2509,18.1283,20.8061
18.08.2017 19:30,9.94829,12.633,21.5599
18.08.2017 19:40,15.5386,20.7453,25.7394
18.08.2017 19:50,9.1387,12.2226,11.4906
18.08.2017 20:00,11.0001,10.3099,13.3507
18.08.2017 20:10,23.0052,27.9069,37.6502
18.08.2017 20:20,24.735,23.7313,35.3923
18.08.2017 20:30,12.3906,13.2438,24.3562
18.08.2017 20:40,12.8386,10.828,15.1926
18.08.2017 20:50,12.6017,10.6847,12.9267
18.08.2017 21:00,16.1255,10.5696,19.2488
18.08.2017 21:10,18.2732,20.8771,27.3189
18.08.2017 21:20,12.5535,19.4846,25.6948
18.08.2017 21:30,15.3828,8.73711,13.1894
18.08.2017 21:40,9.05784,9.96085,12.1701
18.08.2017 21:50,14.3633,9.70506,13.8399
18.08.2017 22:00,11.0415,4.54456,13.4476
18.08.2017 22:10,4.7601,9.38561,10.3605
18.08.2017 22:20,9.23573,4.2977,13.0721
18.08.2017 22:30,8.2756,9.23265,11.5747
18.08.2017 22:40,14.1876,10.3572,18.1363
18.08.2017 22:50,14.4382,10.0596,13.5659
18.08.2017 23:00,12.1191,15.8193,20.198
18.08.2017 23:10,16.8522,18.9323,22.3064
18.08.2017 23:20,11.2011,18.4543,22.1881
18.08.2017 23:30,13.2737,15.6178,16.0761
18.08.2017 23:40,8.52262,4.1913,9.14812
18.08.2017 23:50,11.9991,9.52236,12.7115
19.08.2017 00:00,4.96489,9.07469,12.9105
19.08.2017 00:10,5.25277,3.72928,13.1432
19.08.2017 00:20,7.09323,9.11274,8.9813
19.08.2017 00:30,12.5711,10.4421,12.7541
19.08.2017 00:40,2.62022,3.39126,8.13093
19.08.2017 00:50,3.503,9.12387,10.9875
19.08.2017 01:00,12.2369,10.2883,13.7945
19.08.2017 01:10,14.4264,6.20062,12.5275
19.08.2017 01:20,6.64861,9.03227,6.28476
19.08.2017 01:30,9.92014,9.62675,8.74302
19.08.2017 01:40,7.27023,3.18344,9.10508
19.08.2017 01:50,5.91125,9.51896,12.0707
19.08.2017 02:00,9.97528,5.7996,11.2728
19.08.2017 02:10,7.7082,9.5517,7.02676
19.08.2017 02:20,11.4312,9.16901,6.52688
19.08.2017 02:30,3.46218,7.28778,9.98734
19.08.2017 02:40,8.58268,9.41352,10.6933
19.08.2017 02:50,5.80956,9.32802,6.46594
19.08.2017 03:00,10.8145,3.91573,12.2892
19.08.2017 03:10,1.28511,9.46397,10.8038
19.08.2017 03:20,2.48917,8.99981,8.68775
19.08.2017 03:30,11.2923,6.54294,10.1344
19.08.2017 03:40,3.284,8.98617,6.89017
19.08.2017 03:50,5.52987,5.10812,8.39705
19.08.2017 04:00,5.83974,9.17076,7.43181
19.08.2017 04:10,1.45304,9.12027,11.3813
19.08.2017 04:20,7.87394,6.09064,10.5958
19.08.2017 04:30,9.50223,9.25741,9.30565
19.08.2017 04:40,10.7918,8.9144,6.65927
19.08.2017 04:50,8.03591,4.10494,9.05266
19.08.2017 05:00,10.125,9.22911,11.4794
19.08.2017 05:10,1.64168,9.11847,9.57382
19.08.2017 05:20,7.8674,3.75362,9.04315
19.08.2017 05:30,3.20789,9.20098,10.5718
19.08.2017 05:40,6.65264,7.00525,10.541
19.08.2017 05:50,12.7446,15.7916,21.8226
19.08.2017 06:00,17.9586,9.69564,15.8569
19.08.2017 06:10,9.56694,4.28896,9.80646
19.08.2017 06:20,13.5211,11.0444,9.67372
19.08.2017 06:30,7.66228,9.66659,17.1572
19.08.2017 06:40,12.3116,11.1202,12.8952
19.08.2017 06:50,13.0287,11.6589,10.1504
19.08.2017 07:00,5.25523,10.9665,11.9102
19.08.2017 07:10,10.6116,4.74847,10.8872
19.08.2017 07:20,12.2715,16.9159,18.644
19.08.2017 07:30,6.39901,11.4038,9.21689
19.08.2017 07:40,9.36078,16.8823,8.59124
19.08.2017 07:50,17.9262,16.7187,11.5175
19.08.2017 08:00,19.0464,27.7501,14.2043
19.08.2017 08:10,16.3505,23.0308,13.8898
19.08.2017 08:20,18.5035,11.6574,7.61747
19.08.2017 08:30,18.5627,11.3292,15.5877
19.08.2017 08:40,9.40396,9.41598,11.9122
19.08.2017 08:50,2.81526,9.63881,11.9943
19.08.2017 09:00,13.3433,10.3944,15.9235
19.08.2017 09:10,11.6656,10.4822,10.7253
19.08.2017 09:20,4.19399,7.01251,9.45466
19.08.2017 09:30,12.7959,10.2553,16.648
19.08.2017 09:40,19.2364,9.96086,17.1683
19.08.2017 09:50,21.5275,3.77058,10.8472
19.08.2017 10:00,24.6037,11.9536,18.0344
19.08.2017 10:10,16.524,8.93661,17.6482
19.08.2017 10:20,13.2472,4.67641,11.9975
19.08.2017 10:30,9.5418,9.28101,12.985
19.08.2017 10:40,11.8664,11.8227,19.1455
19.08.2017 10:50,12.4683,14.0969,18.9482
19.08.2017 11:00,12.221,20.2333,24.6469
19.08.2017 11:10,5.0273,7.02805,20.761
19.08.2017 11:20,4.54439,11.1963,20.8956
19.08.2017 11:30,9.23416,12.0404,16.9482
19.08.2017 11:40,12.1752,7.96376,19.2613
19.08.2017 11:50,8.80792,9.42095,18.3155
19.08.2017 12:00,17.0345,19.3691,25.2965
19.08.2017 12:10,18.5445,21.6658,24.8659
19.08.2017 12:20,13.4047,19.5234,27.9722
19.08.2017 12:30,18.3367,15.0855,22.9702
19.08.2017 12:40,13.4496,13.257,27.1234
19.08.2017 12:50,10.5096,9.88631,21.4045
19.08.2017 13:00,3.46187,8.46514,12.7511
19.08.2017 13:10,12.6974,13.2852,15.6381
19.08.2017 13:20,9.8896,20.2865,10.7298
19.08.2017 13:30,11.7314,11.7867,14.8208
19.08.2017 13:40,11.0342,16.5084,14.9477
19.08.2017 13:50,10.5099,16.7839,14.6752
19.08.2017 14:00,11.865,13.182,16.5238
19.08.2017 14:10,5.83124,20.1935,17.3996
19.08.2017 14:20,9.79396,10.6156,15.3358
19.08.2017 14:30,11.454,7.72674,12.2368
19.08.2017 14:40,2.31911,14.1719,10.8739
19.08.2017 14:50,5.00598,9.58829,11.6779
19.08.2017 15:00,7.66603,6.74163,9.52516
19.08.2017 15:10,11.22,10.8495,17.6153
19.08.2017 15:20,4.06249,11.7897,17.5832
19.08.2017 15:30,8.87614,17.0752,12.9128
19.08.2017 15:40,10.9066,9.99079,17.9475
19.08.2017 15:50,11.1276,10.5293,11.9331
19.08.2017 16:00,8.49586,10.5911,12.5049
19.08.2017 16:10,7.96767,9.94269,9.53535
19.08.2017 16:20,12.2586,11.4107,13.5965
19.08.2017 16:30,9.98594,11.6463,8.36617
19.08.2017 16:40,2.52229,9.61585,7.39996
19.08.2017 16:50,11.5504,5.81537,9.52017
19.08.2017 17:00,12.4421,10.9426,15.7995
19.08.2017 17:10,9.37466,5.40669,13.0695
19.08.2017 17:20,12.6701,14.8547,13.8047
19.08.2017 17:30,14.4781,13.3527,11.5386
19.08.2017 17:40,20.8682,15.6211,17.894
19.08.2017 17:50,6.99198,16.4177,12.0473
19.08.2017 18:00,9.45683,9.83114,9.25257
19.08.2017 18:10,11.4443,10.2121,11.3358
19.08.2017 18:20,12.5653,10.3273,19.2714
19.08.2017 18:30,10.113,7.6864,15.7065
19.08.2017 18:40,9.19231,12.6689,15.5316
19.08.2017 18:50,10.6649,10.264,11.5791
19.08.2017 19:00,8.41811,9.03297,12.9978
19.08.2017 19:10,12.5857,10.5594,14.7081
19.08.2017 19:20,13.0299,9.60525,13.8339
19.08.2017 19:30,11.2418,3.1598,8.83703
19.08.2017 19:40,14.3343,17.0392,17.5633
19.08.2017 19:50,10.6079,9.16491,11.7305
19.08.2017 20:00,14.8843,11.3258,15.6278
19.08.2017 20:10,16.6289,9.77961,9.36753
19.08.2017 20:20,15.5564,8.79485,12.3998
19.08.2017 20:30,15.4031,8.07447,10.9604
19.08.2017 20:40,13.0645,9.11829,12.82
19.08.2017 20:50,9.2351,8.65734,14.9415
19.08.2017 21:00,12.9819,9.93741,10.9977
19.08.2017 21:10,6.13798,9.64443,17.9001
19.08.2017 21:20,8.06013,9.32018,16.4809
19.08.2017 21:30,11.9535,10.7392,12.7519
19.08.2017 21:40,7.0862,9.57392,13.7724
19.08.2017 21:50,13.2475,7.00081,18.2004
19.08.2017 22:00,10.1324,9.45872,16.3379
19.08.2017 22:10,8.61313,9.07854,19.741
19.08.2017 22:20,13.2299,3.12204,20.8912
19.08.2017 22:30,12.5944,13.2383,13.3381
19.08.2017 22:40,3.3187,10.7645,16.0283
19.08.2017 22:50,9.03097,8.57834,12.3571
19.08.2017 23:00,12.2939,8.90176,11.6961
19.08.2017 23:10,4.986,3.07421,8.48673
19.08.2017 23:20,10.1114,8.63852,12.9674
19.08.2017 23:30,8.23732,18.3478,13.5212
19.08.2017 23:40,7.01311,12.4562,9.52901
19.08.2017 23:50,3.72371,11.5617,9.66419
20.08.2017 00:00,7.47728,11.4326,11.9226
20.08.2017 00:10,11.1096,5.85042,11.4584
20.08.2017 00:20,13.1463,10.4993,11.1457
20.08.2017 00:30,2.529,4.17615,8.43263
20.08.2017 00:40,6.23824,9.08617,11.6249
20.08.2017 00:50,9.77187,9.0129,9.38333
20.08.2017 01:00,7.36674,4.02049,8.60401
20.08.2017 01:10,11.9982,10.4424,14.5728
20.08.2017 01:20,10.0168,8.85263,14.9842
20.08.2017 01:30,11.4336,8.38956,7.64621
20.08.2017 01:40,10.9393,9.0836,10.7406
20.08.2017 01:50,3.50883,9.21519,11.6809
20.08.2017 02:00,9.19956,4.24777,11.498
20.08.2017 02:10,1.30484,8.66735,9.04253
20.08.2017 02:20,9.67445,4.45832,8.74608
20.08.2017 02:30,3.42965,8.75644,10.9306
20.08.2017 02:40,11.4731,8.66291,10.1005
20.08.2017 02:50,3.606,6.38634,9.68675
20.08.2017 03:00,3.91072,8.74771,7.52096
20.08.2017 03:10,9.83879,8.73747,11.5058
20.08.2017 03:20,8.07628,3.22657,10.595
20.08.2017 03:30,3.52516,8.855,10.3174
20.08.2017 03:40,7.87304,8.72537,10.5641
20.08.2017 03:50,11.3856,3.11601,9.66055
20.08.2017 04:00,10.539,8.86221,8.52973
20.08.2017 04:10,1.9631,3.2336,10.3459
20.08.2017 04:20,8.80829,8.84134,11.0547
20.08.2017 04:30,3.96622,8.81171,10.6699
20.08.2017 04:40,6.39415,2.90276,9.34748
20.08.2017 04:50,2.99755,9.29002,11.8286
20.08.2017 05:00,9.3997,8.67188,9.58284
20.08.2017 05:10,11.6419,3.97549,9.80854
20.08.2017 05:20,8.15653,8.98176,11.0033
20.08.2017 05:30,6.67574,8.69733,10.5276
20.08.2017 05:40,1.44768,2.49952,8.74087
20.08.2017 05:50,2.94554,8.76032,8.79811
20.08.2017 06:00,5.72843,8.99137,9.2038
20.08.2017 06:10,16.6993,4.17302,11.5124
20.08.2017 06:20,11.6655,9.00976,11.2732
20.08.2017 06:30,4.66452,9.71577,9.66019
20.08.2017 06:40,7.32982,9.16218,7.84477
20.08.2017 06:50,7.47102,8.92702,15.191
20.08.2017 07:00,6.38276,3.72754,18.1077
20.08.2017 07:10,10.7777,9.158,13.2757
20.08.2017 07:20,12.1974,8.82921,11.7166
20.08.2017 07:30,12.7936,10.6903,17.9586
20.08.2017 07:40,6.82467,12.1139,17.3804
20.08.2017 07:50,12.8565,12.263,18.5761
20.08.2017 08:00,13.6007,5.11408,17.421
20.08.2017 08:10,6.04106,11.4655,17.3212
20.08.2017 08:20,5.18672,6.49656,24.5981
20.08.2017 08:30,6.24009,9.86562,13.0169
20.08.2017 08:40,10.6976,8.61591,9.89375
20.08.2017 08:50,15.8183,3.13811,15.2557
20.08.2017 09:00,8.33008,8.79148,18.3267
20.08.2017 09:10,7.68815,9.52443,15.9806
20.08.2017 09:20,9.85267,3.30391,14.8818
20.08.2017 09:30,1.97392,9.40429,13.8937
20.08.2017 09:40,8.66653,27.5667,25.0314
20.08.2017 09:50,2.20781,21.1441,14.5716
20.08.2017 10:00,13.0774,21.4633,17.241
20.08.2017 10:10,10.3412,17.4731,8.19416
20.08.2017 10:20,11.2858,12.8945,25.0962
20.08.2017 10:30,10.3913,19.2663,18.6388
20.08.2017 10:40,8.60463,12.8586,17.056
20.08.2017 10:50,10.062,17.9441,13.788
20.08.2017 11:00,7.07728,9.90154,14.4428
20.08.2017 11:10,11.7707,15.0553,19.2578
20.08.2017 11:20,11.3583,27.7365,21.9295
20.08.2017 11:30,13.1837,13.5734,20.1408
20.08.2017 11:40,9.24117,10.5532,16.1232
20.08.2017 11:50,13.7152,13.067,17.0454
20.08.2017 12:00,11.1917,5.70564,13.0892
20.08.2017 12:10,12.1871,12.6621,15.9541
20.08.2017 12:20,8.72587,10.1245,11.8601
20.08.2017 12:30,11.4587,3.88974,12.5404
20.08.2017 12:40,10.9341,9.35213,13.9266
20.08.2017 12:50,4.78252,9.1106,8.7428
20.08.2017 13:00,4.86223,6.2832,9.63397
20.08.2017 13:10,10.1072,9.21183,9.18409
20.08.2017 13:20,10.5769,9.22744,15.4032
20.08.2017 13:30,14.281,20.0244,26.3611
20.08.2017 13:40,14.1481,19.4877,25.8429
20.08.2017 13:50,11.5557,12.4664,14.5506
20.08.2017 14:00,10.9656,7.82696,13.5671
20.08.2017 14:10,10.4163,12.5676,16.2539
20.08.2017 14:20,9.99019,8.00611,10.3203
20.08.2017 14:30,11.1654,10.6916,14.089
20.08.2017 14:40,4.16618,10.2088,10.2669
20.08.2017 14:50,10.5501,3.85447,7.66321
20.08.2017 15:00,12.1201,9.24723,11.233
20.08.2017 15:10,13.328,9.33452,12.3289
20.08.2017 15:20,13.1057,4.09516,7.96249
20.08.2017 15:30,10.7406,9.44356,10.4902
20.08.2017 15:40,2.70783,9.38955,13.3923
20.08.2017 15:50,8.65925,3.0064,11.9034
20.08.2017 16:00,2.44138,9.22042,12.5402
20.08.2017 16:10,21.2861,4.59982,7.96574
20.08.2017 16:20,8.8427,9.28477,12.1089
20.08.2017 16:30,19.4351,9.71076,12.0211
20.08.2017 16:40,13.1838,16.1332,16.502
20.08.2017 16:50,7.34534,10.9139,13.9856
20.08.2017 17:00,7.5594,9.15584,11.5028
20.08.2017 17:10,6.7179,5.52253,12.9864
20.08.2017 17:20,9.95895,10.086,14.4678
20.08.2017 17:30,11.346,8.99189,15.192
20.08.2017 17:40,6.68184,7.60097,17.2931
20.08.2017 17:50,8.45011,10.9973,17.1673
20.08.2017 18:00,18.6634,12.8162,38.1413
20.08.2017 18:10,27.4157,25.9332,36.3
20.08.2017 18:20,21.5824,14.8415,26.0444
20.08.2017 18:30,13.8246,14.3594,23.3907
20.08.2017 18:40,13.0622,23.6848,20.8021
20.08.2017 18:50,10.4442,24.8703,18.063
20.08.2017 19:00,14.801,20.5365,19.2425
20.08.2017 19:10,23.675,19.9481,12.132
20.08.2017 19:20,12.9927,18.8642,17.3459
20.08.2017 19:30,8.56194,18.969,23.4617
20.08.2017 19:40,14.1612,21.094,19.2707
20.08.2017 19:50,20.0517,15.6465,20.2817
20.08.2017 20:00,15.0276,9.72841,14.1996
20.08.2017 20:10,6.08041,13.7932,11.927
20.08.2017 20:20,9.9268,9.72802,13.385
20.08.2017 20:30,12.0117,11.4715,13.7597
20.08.2017 20:40,8.92613,10.9148,10.6061
20.08.2017 20:50,12.2917,5.96658,8.78962
20.08.2017 21:00,19.8756,16.1939,19.1738
20.08.2017 21:10,21.0452,16.3241,24.3769
20.08.2017 21:20,18.1732,9.85688,23.4712
20.08.2017 21:30,13.0648,16.4333,17.8373
20.08.2017 21:40,13.0713,10.3466,20.8764
20.08.2017 21:50,13.6506,12.543,20.812
20.08.2017 22:00,17.4753,10.3919,23.5871
20.08.2017 22:10,6.92636,4.05326,14.0639
20.08.2017 22:20,14.1957,10.2307,15.1682
20.08.2017 22:30,8.2045,9.2768,12.669
20.08.2017 22:40,4.46462,4.39198,12.1313
20.08.2017 22:50,13.0878,10.7191,14.4387
20.08.2017 23:00,12.1681,8.95078,13.8867
20.08.2017 23:10,5.13115,4.1679,14.3012
20.08.2017 23:20,4.22407,8.79652,13.0401
20.08.2017 23:30,11.7001,10.9192,8.38288
20.08.2017 23:40,13.1021,11.3389,7.55303
20.08.2017 23:50,9.25961,10.3839,11.8657
21.08.2017 00:00,9.49245,3.464,10.5669
21.08.2017 00:10,10.4266,9.60108,6.62311
21.08.2017 00:20,3.5721,9.82677,11.8593
21.08.2017 00:30,6.52532,3.09252,9.14054
21.08.2017 00:40,1.54013,9.32619,9.48632
21.08.2017 00:50,11.1925,17.0819,9.32997
21.08.2017 01:00,7.78562,14.6746,9.6776
21.08.2017 01:10,2.21592,17.2172,11.1936
21.08.2017 01:20,2.3085,9.24671,10.5818
21.08.2017 01:30,9.64629,3.43489,6.46006
21.08.2017 01:40,1.41427,9.27371,11.5959
21.08.2017 01:50,6.21737,8.57819,7.5048
21.08.2017 02:00,4.47806,5.78188,8.70553
21.08.2017 02:10,11.9731,8.68861,9.02282
21.08.2017 02:20,6.19189,4.33311,11.45
21.08.2017 02:30,7.73568,8.7281,8.66748
21.08.2017 02:40,9.37229,8.72384,10.2194
21.08.2017 02:50,7.00212,3.25832,9.50319
21.08.2017 03:00,4.89212,8.75697,10.9256
21.08.2017 03:10,7.41869,8.79131,6.40593
21.08.2017 03:20,11.7004,11.2761,10.816
21.08.2017 03:30,3.51701,8.5261,9.18861
21.08.2017 03:40,1.80448,8.85659,12.2522
21.08.2017 03:50,8.29474,3.2423,10.5252
21.08.2017 04:00,9.327,8.905,9.26336
21.08.2017 04:10,1.54692,3.33977,6.4903
21.08.2017 04:20,11.5676,8.79354,10.9462
21.08.2017 04:30,3.34179,8.73884,10.9773
21.08.2017 04:40,11.9489,2.25576,10.1525
21.08.2017 04:50,6.25848,8.68508,6.95737
21.08.2017 05:00,3.10069,8.77499,9.52019
21.08.2017 05:10,1.44338,3.05948,11.3948
21.08.2017 05:20,6.41446,8.96855,11.1492
21.08.2017 05:30,7.45373,9.3651,11.3449
21.08.2017 05:40,1.67713,2.5842,16.5243
21.08.2017 05:50,12.4885,10.5753,8.20077
21.08.2017 06:00,6.47481,4.47417,10.4358
21.08.2017 06:10,9.05436,9.51486,11.9586
21.08.2017 06:20,12.0593,10.8507,13.5178
21.08.2017 06:30,6.28121,3.15664,15.9517
21.08.2017 06:40,9.81218,9.91146,16.3428
21.08.2017 06:50,13.0523,17.6892,10.8155
21.08.2017 07:00,17.0629,6.02583,10.8613
21.08.2017 07:10,7.84119,9.28339,13.2335
21.08.2017 07:20,12.8597,11.7903,21.3799
21.08.2017 07:30,12.9115,19.0651,21.2619
21.08.2017 07:40,10.6439,18.9545,25.9539
21.08.2017 07:50,13.3061,12.2663,18.9789
21.08.2017 08:00,9.45464,13.0813,16.3068
21.08.2017 08:10,18.336,12.9352,19.16
21.08.2017 08:20,10.9468,9.65366,15.1207
21.08.2017 08:30,12.1499,9.66916,17.5246
21.08.2017 08:40,10.6123,9.54664,11.4091
21.08.2017 08:50,14.6851,10.8891,16.5565
21.08.2017 09:00,8.18341,9.50152,9.71483
21.08.2017 09:10,12.8653,10.6546,14.5607
21.08.2017 09:20,18.1691,25.8313,32.4822
21.08.2017 09:30,19.2897,25.781,33.135
21.08.2017 09:40,12.6615,9.82201,20.7454
21.08.2017 09:50,11.8997,16.5504,12.9911
21.08.2017 10:00,10.3213,12.0144,19.341
21.08.2017 10:10,2.47861,4.77402,20.3697
21.08.2017 10:20,12.7364,10.8441,12.363
21.08.2017 10:30,11.9167,10.4269,14.435
21.08.2017 10:40,12.8419,11.2118,12.8767
21.08.2017 10:50,10.5585,10.7254,11.7321
21.08.2017 11:00,8.18173,9.09387,10.75
21.08.2017 11:10,10.6629,4.59879,19.4356
21.08.2017 11:20,7.86651,9.56135,15.683
21.08.2017 11:30,10.6489,14.832,15.6156
21.08.2017 11:40,12.0055,15.2727,16.151
21.08.2017 11:50,12.3949,17.6939,15.9218
21.08.2017 12:00,8.11283,19.8039,21.6704
21.08.2017 12:10,7.62565,16.3731,18.1804
21.08.2017 12:20,10.2691,11.776,10.6012
21.08.2017 12:30,5.19869,5.37374,12.8699
21.08.2017 12:40,1.87823,10.7553,12.8498
21.08.2017 12:50,9.80285,10.738,11.844
21.08.2017 13:00,5.09033,7.86945,7.68731
21.08.2017 13:10,11.0194,12.1191,12.0735
21.08.2017 13:20,8.64107,9.03658,11.6667
21.08.2017 13:30,10.753,3.87765,10.9121
21.08.2017 13:40,12.9777,10.7611,15.7716
21.08.2017 13:50,12.2798,10.7478,16.3537
21.08.2017 14:00,11.6023,8.17174,16.3731
21.08.2017 14:10,6.94848,22.8567,10.2497
21.08.2017 14:20,12.2056,9.3128,9.93179
21.08.2017 14:30,18.8667,10.9043,15.8959
21.08.2017 14:40,12.8477,9.52867,16.5588
21.08.2017 14:50,4.70843,2.99362,11.4361
21.08.2017 15:00,18.397,9.29489,8.73557
21.08.2017 15:10,14.3238,10.7592,13.6148
21.08.2017 15:20,14.2108,6.7914,17.075
21.08.2017 15:30,13.772,9.38902,10.4444
21.08.2017 15:40,9.21025,24.9113,10.6401
21.08.2017 15:50,14.1838,20.8998,14.6259
21.08.2017 16:00,6.30655,24.8136,12.6155
21.08.2017 16:10,3.82197,9.20667,7.80868
21.08.2017 16:20,11.5199,4.01488,10.4548
21.08.2017 16:30,23.262,9.31074,10.1794
21.08.2017 16:40,14.6157,9.29704,12.3932
21.08.2017 16:50,19.9572,11.0053,13.7624
21.08.2017 17:00,13.0467,21.9581,12.9506
21.08.2017 17:10,4.30439,15.8381,10.612
21.08.2017 17:20,7.61864,4.25468,11.4853
21.08.2017 17:30,13.2446,9.63259,15.2053
21.08.2017 17:40,11.8155,10.7648,13.9187
21.08.2017 17:50,13.7845,10.3907,14.5986
21.08.2017 18:00,12.9658,9.37149,21.0419
21.08.2017 18:10,10.6466,10.8051,15.5494
21.08.2017 18:20,6.03477,11.2662,13.3658
21.08.2017 18:30,8.51087,9.30228,14.9543
21.08.2017 18:40,15.1895,11.2598,17.7556
21.08.2017 18:50,13.6295,11.8764,18.0674
21.08.2017 19:00,12.1033,10.4413,11.5573
21.08.2017 19:10,11.9382,5.45463,12.6539
21.08.2017 19:20,11.9141,10.2061,8.77857
21.08.2017 19:30,12.8253,11.0765,25.6718
21.08.2017 19:40,13.7561,14.9517,21.7818
21.08.2017 19:50,11.8405,9.77266,11.8019
21.08.2017 20:00,12.0742,10.3369,8.45037
21.08.2017 20:10,5.26426,3.48077,12.2893
21.08.2017 20:20,13.3345,10.019,16.6678
21.08.2017 20:30,12.2136,10.3402,16.6641
21.08.2017 20:40,5.46375,4.92233,12.085
21.08.2017 20:50,10.1322,9.88024,13.0028
21.08.2017 21:00,8.44602,4.80578,8.6564
21.08.2017 21:10,12.8553,10.0995,13.6906
21.08.2017 21:20,6.12416,10.7627,8.64367
21.08.2017 21:30,14.956,9.45571,12.5224
21.08.2017 21:40,17.5326,13.9123,17.0979
21.08.2017 21:50,12.9888,10.5061,12.9167
21.08.2017 22:00,14.2006,5.96845,8.75867
21.08.2017 22:10,6.44736,10.1864,8.18305
21.08.2017 22:20,14.1387,10.6883,11.4627
21.08.2017 22:30,16.0461,8.85831,11.5041
21.08.2017 22:40,7.69069,10.5746,14.3929
21.08.2017 22:50,13.2818,10.7255,13.7863
21.08.2017 23:00,11.7834,4.90241,12.7441
21.08.2017 23:10,9.96901,10.5349,13.7469
21.08.2017 23:20,4.50967,9.96354,8.54469
21.08.2017 23:30,10.9026,4.10633,11.883
21.08.2017 23:40,2.66861,10.7346,8.63227
21.08.2017 23:50,3.51861,7.95929,13.6165
22.08.2017 00:00,11.3291,8.9926,8.5461
22.08.2017 00:10,10.7993,8.68179,11.0737
22.08.2017 00:20,4.5205,3.76846,8.72902
22.08.2017 00:30,8.35701,8.72316,11.237
22.08.2017 00:40,10.1519,8.66823,11.2751
22.08.2017 00:50,7.2008,3.3607,9.93718
22.08.2017 01:00,3.65337,8.75659,11.2663
22.08.2017 01:10,6.27368,8.8428,5.80541
22.08.2017 01:20,10.9519,4.23928,8.79568
22.08.2017 01:30,8.74635,11.4623,10.2854
22.08.2017 01:40,1.68545,9.11957,10.574
22.08.2017 01:50,5.04983,2.99931,8.69344
22.08.2017 02:00,9.83573,8.75947,7.49642
22.08.2017 02:10,1.66842,5.9736,8.21503
22.08.2017 02:20,4.57689,8.7565,9.8025
22.08.2017 02:30,10.7342,8.63315,13.3444
22.08.2017 02:40,2.21816,3.20003,5.59131
22.08.2017 02:50,2.54666,8.8503,10.3149
22.08.2017 03:00,3.91916,8.51465,6.93549
22.08.2017 03:10,9.63105,2.80942,10.9153
22.08.2017 03:20,3.24964,8.61431,9.15619
22.08.2017 03:30,1.79684,9.01398,6.27825
22.08.2017 03:40,10.9354,2.6382,8.11974
22.08.2017 03:50,10.257,8.72018,10.624
22.08.2017 04:00,3.69886,8.80008,6.41217
22.08.2017 04:10,7.48415,3.32232,10.2079
22.08.2017 04:20,3.0865,8.63663,10.1777
22.08.2017 04:30,10.1453,9.1457,6.61627
22.08.2017 04:40,1.698,2.46405,8.64811
22.08.2017 04:50,7.99251,9.43923,8.76065
22.08.2017 05:00,10.6714,4.34081,8.61865
22.08.2017 05:10,2.29727,8.94713,10.7055
22.08.2017 05:20,4.76162,9.41312,8.90874
22.08.2017 05:30,4.55383,2.92381,12.4236
22.08.2017 05:40,14.7025,9.3354,10.7893
22.08.2017 05:50,6.89278,9.2312,12.2974
22.08.2017 06:00,8.43824,4.75884,10.6475
22.08.2017 06:10,11.835,8.99372,16.199
22.08.2017 06:20,7.0629,10.4741,14.8512
22.08.2017 06:30,13.0024,10.4398,17.0104
22.08.2017 06:40,7.85993,10.0878,10.9046
22.08.2017 06:50,15.6182,8.7643,8.97499
22.08.2017 07:00,3.37765,4.71092,16.8473
22.08.2017 07:10,6.35255,9.79349,12.2432
22.08.2017 07:20,11.3955,11.0663,13.3161
22.08.2017 07:30,11.2647,11.2145,20.7019
22.08.2017 07:40,11.7064,10.7078,12.3803
22.08.2017 07:50,12.2984,12.6255,25.4678
22.08.2017 08:00,11.8297,11.3186,19.7124
22.08.2017 08:10,5.46684,8.88176,10.5955
22.08.2017 08:20,9.85456,2.48721,11.5456
22.08.2017 08:30,2.20676,8.55329,16.6517
22.08.2017 08:40,11.206,12.347,14.9407
22.08.2017 08:50,18.0229,20.6704,25.7427
22.08.2017 09:00,11.6063,18.4964,21.2587
22.08.2017 09:10,11.3464,9.30071,12.1238
22.08.2017 09:20,8.5117,6.85311,13.6723
22.08.2017 09:30,10.9442,9.69258,13.4154
22.08.2017 09:40,6.56419,2.45527,19.3127
22.08.2017 09:50,15.5549,10.1075,20.7925
22.08.2017 10:00,24.2995,31.2711,36.6991
22.08.2017 10:10,16.8224,18.4242,28.8324
22.08.2017 10:20,19.1911,13.4275,26.8774
22.08.2017 10:30,13.2677,15.7492,15.028
22.08.2017 10:40,16.4249,8.37704,13.2435
22.08.2017 10:50,4.13184,9.07151,18.9983
22.08.2017 11:00,11.6541,9.92924,17.7581
22.08.2017 11:10,11.8303,4.09013,12.1287
22.08.2017 11:20,13.9479,10.0385,21.4008
22.08.2017 11:30,13.0768,15.6614,19.5697
22.08.2017 11:40,17.2321,29.0375,36.359
22.08.2017 11:50,17.0714,22.4079,24.7395
22.08.2017 12:00,22.5611,10.6679,27.816
22.08.2017 12:10,22.0223,15.9612,28.0031
22.08.2017 12:20,18.5052,10.0408,16.2896
22.08.2017 12:30,11.8083,16.112,8.74545
22.08.2017 12:40,12.8017,18.0336,13.4092
22.08.2017 12:50,8.00948,11.6772,10.907
22.08.2017 13:00,10.2731,10.9726,6.92731
22.08.2017 13:10,2.23351,12.8723,9.01006
22.08.2017 13:20,6.58407,17.2597,7.89447
22.08.2017 13:30,7.76021,10.7838,6.8786
22.08.2017 13:40,12.6084,10.2698,12.567
22.08.2017 13:50,9.19073,3.9789,14.0157
22.08.2017 14:00,3.56528,9.33979,10.4994
22.08.2017 14:10,8.26307,8.8319,10.7492
22.08.2017 14:20,11.7109,10.1481,15.9698
22.08.2017 14:30,9.73357,16.678,16.1012
22.08.2017 14:40,15.3563,16.8868,17.6465
22.08.2017 14:50,14.5348,9.64699,15.0135
22.08.2017 15:00,16.6297,10.7827,12.0607
22.08.2017 15:10,14.825,10.6793,15.4215
22.08.2017 15:20,7.98069,3.15743,7.46217
22.08.2017 15:30,10.5615,9.52923,11.8621
22.08.2017 15:40,2.49148,3.5785,7.95671
22.08.2017 15:50,11.5359,10.8767,12.6048
22.08.2017 16:00,10.3236,9.46854,9.75359
22.08.2017 16:10,13.2599,10.8828,12.7723
22.08.2017 16:20,4.46336,9.57665,10.6914
22.08.2017 16:30,11.562,10.1649,12.6031
22.08.2017 16:40,11.6959,2.72792,9.38823
22.08.2017 16:50,13.4451,10.5002,12.3514
22.08.2017 17:00,10.4431,11.0271,12.0187
22.08.2017 17:10,3.90155,4.78625,11.345
22.08.2017 17:20,13.6013,10.8162,10.347
22.08.2017 17:30,13.3135,10.7132,13.0273
22.08.2017 17:40,13.2415,9.79071,12.7534
22.08.2017 17:50,10.2593,9.17478,12.9706
22.08.2017 18:00,12.02,9.61206,15.4792
22.08.2017 18:10,9.36186,11.2398,11.7596
22.08.2017 18:20,9.61611,9.01038,13.0572
22.08.2017 18:30,13.5897,10.2026,16.2639
22.08.2017 18:40,12.679,8.98774,14.4476
22.08.2017 18:50,9.25435,10.2336,13.1721
22.08.2017 19:00,15.0552,15.2351,13.2354
22.08.2017 19:10,12.1841,11.3966,17.6186
22.08.2017 19:20,10.7694,25.309,22.6146
22.08.2017 19:30,13.6277,12.5789,18.4543
22.08.2017 19:40,10.5014,12.2414,15.4046
22.08.2017 19:50,15.4163,11.3944,18.5204
22.08.2017 20:00,15.7962,11.8993,17.8372
22.08.2017 20:10,9.98757,9.14827,11.2699
22.08.2017 20:20,11.3995,4.34511,10.571
22.08.2017 20:30,6.46864,9.21187,11.3999
22.08.2017 20:40,11.1648,16.3955,18.6989
22.08.2017 20:50,19.7862,18.33,22.5446
22.08.2017 21:00,19.6937,10.5092,16.4299
22.08.2017 21:10,17.2822,13.7259,20.8565
22.08.2017 21:20,12.8896,8.885,13.4174
22.08.2017 21:30,12.7626,9.6576,14.4517
22.08.2017 21:40,5.07068,9.1759,13.0053
22.08.2017 21:50,10.8465,11.4657,13.6027
22.08.2017 22:00,14.565,10.4176,14.9943
22.08.2017 22:10,14.4402,8.94074,13.4422
22.08.2017 22:20,19.4871,11.5236,13.9516
22.08.2017 22:30,13.9044,10.5624,16.5715
22.08.2017 22:40,12.0579,8.37814,15.8759
22.08.2017 22:50,10.0155,8.99784,14.5098
22.08.2017 23:00,5.61269,8.78581,13.1051
22.08.2017 23:10,3.97576,3.20828,13.1945
22.08.2017 23:20,9.83792,8.82589,10.8933
22.08.2017 23:30,11.3119,8.39442,10.2207
22.08.2017 23:40,2.31512,9.05028,12.6145
22.08.2017 23:50,3.98165,8.93309,10.8513
23.08.2017 00:00,9.49455,4.02026,10.2402
23.08.2017 00:10,1.79103,9.07143,13.5332
23.08.2017 00:20,5.6487,8.91336,13.0373
23.08.2017 00:30,11.0805,10.3327,12.9482
23.08.2017 00:40,10.7783,9.09968,11.07
23.08.2017 00:50,8.78042,8.8726,10.4928
23.08.2017 01:00,7.51093,3.2136,12.3202
23.08.2017 01:10,9.4356,8.89444,8.83909
23.08.2017 01:20,8.09828,9.08356,8.65597
23.08.2017 01:30,5.04478,3.86152,9.78149
23.08.2017 01:40,1.52087,8.74003,11.1132
23.08.2017 01:50,9.94381,4.18105,10.785
23.08.2017 02:00,11.2797,8.8164,10.5691
23.08.2017 02:10,1.93546,8.54484,9.95363
23.08.2017 02:20,7.62943,5.65163,11.3885
23.08.2017 02:30,9.17009,8.53466,9.79388
23.08.2017 02:40,7.48213,8.7926,9.17686
23.08.2017 02:50,8.8207,2.97418,11.741
23.08.2017 03:00,9.87173,8.92885,7.17219
23.08.2017 03:10,10.9666,8.82239,8.51902
23.08.2017 03:20,8.04167,2.95858,10.597
23.08.2017 03:30,4.2988,8.71415,8.53842
23.08.2017 03:40,9.92176,3.1886,11.725
23.08.2017 03:50,7.99964,8.83672,9.79314
23.08.2017 04:00,7.17794,8.74633,9.244
23.08.2017 04:10,7.19792,3.25824,11.7122
23.08.2017 04:20,9.75664,9.45798,10.113
23.08.2017 04:30,11.3321,8.84994,10.1718
23.08.2017 04:40,2.01902,2.31088,14.0694
23.08.2017 04:50,9.77328,8.61437,9.53485
23.08.2017 05:00,4.5588,8.94308,9.1163
23.08.2017 05:10,6.31005,4.17467,11.1514
23.08.2017 05:20,7.49457,8.97353,8.6052
23.08.2017 05:30,12.8766,9.88038,8.96868
23.08.2017 05:40,12.4246,9.00541,15.9554
23.08.2017 05:50,16.1426,18.5494,26.8528
23.08.2017 06:00,11.2142,3.07241,13.1702
23.08.2017 06:10,18.153,10.7368,11.5953
23.08.2017 06:20,14.562,13.1101,13.5066
23.08.2017 06:30,12.0343,11.4861,14.3396
23.08.2017 06:40,5.93226,10.5535,12.353
23.08.2017 06:50,23.4355,10.5528,14.5182
23.08.2017 07:00,13.7914,8.56585,14.4506
23.08.2017 07:10,9.74912,9.76155,11.034
23.08.2017 07:20,12.3485,11.541,12.6404
23.08.2017 07:30,10.2322,10.7999,14.854
23.08.2017 07:40,11.9667,11.3444,19.6292
23.08.2017 07:50,12.5767,11.891,17.5288
23.08.2017 08:00,20.5987,12.3909,16.611
23.08.2017 08:10,15.8282,9.47029,13.6335
23.08.2017 08:20,3.60296,2.95311,18.6044
23.08.2017 08:30,20.0641,10.4315,11.3495
23.08.2017 08:40,11.102,9.25774,10.2804
23.08.2017 08:50,11.0963,11.4971,11.9087
23.08.2017 09:00,7.07648,9.10841,12.025
23.08.2017 09:10,7.82159,4.62682,7.59171
23.08.2017 09:20,13.6719,11.2791,14.0917
23.08.2017 09:30,13.255,13.1073,20.4081
23.08.2017 09:40,12.0361,9.7765,17.8515
23.08.2017 09:50,9.15569,10.1692,20.5397
23.08.2017 10:00,11.4102,9.18942,23.2964
23.08.2017 10:10,18.042,10.1364,15.9176
23.08.2017 10:20,4.94526,10.1189,9.72902
23.08.2017 10:30,8.586,3.11619,7.23756
23.08.2017 10:40,11.5497,9.19243,8.82719
23.08.2017 10:50,22.4595,8.93779,9.89201
23.08.2017 11:00,20.5147,11.4289,16.1176
23.08.2017 11:10,19.2952,10.3163,12.3305
23.08.2017 11:20,17.7047,13.033,12.5328
23.08.2017 11:30,8.95637,9.44869,11.3783
23.08.2017 11:40,12.8003,14.19,23.2312
23.08.2017 11:50,13.7759,14.7137,25.2718
23.08.2017 12:00,19.6169,13.7944,19.5337
23.08.2017 12:10,12.5902,12.8332,17.8751
23.08.2017 12:20,11.5888,10.9715,17.8999
23.08.2017 12:30,11.2788,10.7755,12.4587
23.08.2017 12:40,6.16585,9.23629,12.9473
23.08.2017 12:50,13.9918,10.4986,14.3456
23.08.2017 13:00,16.5069,10.3981,17.9521
23.08.2017 13:10,6.8501,9.93191,13.049
23.08.2017 13:20,7.16441,4.30949,10.2863
23.08.2017 13:30,6.29436,9.50737,13.1284
23.08.2017 13:40,9.53691,3.25062,17.1917
23.08.2017 13:50,6.77723,9.54693,14.8392
23.08.2017 14:00,2.05773,9.40727,11.2751
23.08.2017 14:10,10.9399,10.6128,11.3684
23.08.2017 14:20,11.3752,9.235,9.30259
23.08.2017 14:30,7.88238,9.23139,11.5956
23.08.2017 14:40,2.0486,3.41253,8.07496
23.08.2017 14:50,12.3671,10.376,15.6219
23.08.2017 15:00,5.42965,9.47758,14.7007
23.08.2017 15:10,7.34482,3.72308,9.06097
23.08.2017 15:20,6.10022,17.7761,7.03667
23.08.2017 15:30,11.0724,5.94245,10.5771
23.08.2017 15:40,8.09108,9.16581,11.3157
23.08.2017 15:50,12.0236,10.5694,14.686
23.08.2017 16:00,11.0998,4.38068,12.8014
23.08.2017 16:10,7.31558,10.1496,12.7004
23.08.2017 16:20,8.53279,9.50121,9.8853
23.08.2017 16:30,10.6956,10.4319,17.6845
23.08.2017 16:40,11.8692,10.1939,11.4379
23.08.2017 16:50,26.0051,12.4998,14.5099
23.08.2017 17:00,12.2868,13.7461,16.1171
23.08.2017 22:30,11.397,10.0352,15.5194
23.08.2017 22:40,4.24253,10.1879,17.4009
23.08.2017 22:50,7.56354,6.0797,11.6633
23.08.2017 23:00,10.8871,9.47945,10.4734
23.08.2017 23:10,10.8063,3.53153,13.1267
23.08.2017 23:20,6.97964,9.42293,13.2509
23.08.2017 23:30,6.47332,9.26321,11.5992
23.08.2017 23:40,9.89805,2.81817,9.50194
23.08.2017 23:50,4.44729,9.08133,9.28661
24.08.2017 00:00,7.49053,9.26834,12.4137
24.08.2017 00:10,12.1244,4.82775,8.46894
24.08.2017 00:20,11.4719,9.07153,12.3194
24.08.2017 00:30,2.67593,4.24838,13.361
24.08.2017 00:40,1.91255,9.39595,12.7948
24.08.2017 00:50,7.11852,9.2222,9.60401
24.08.2017 01:00,9.40407,3.44165,9.80183
24.08.2017 01:10,1.93112,9.50446,11.2808
24.08.2017 01:20,11.4683,9.55869,13.18
24.08.2017 01:30,7.40598,4.77228,7.68113
24.08.2017 01:40,11.0823,9.32276,10.2522
24.08.2017 01:50,5.08898,9.9651,8.11707
24.08.2017 02:00,6.15825,4.26726,12.1658
24.08.2017 02:10,9.38905,8.94137,11.4925
24.08.2017 02:20,6.61734,5.41335,8.89487
24.08.2017 02:30,4.16737,9.19408,7.36951
24.08.2017 02:40,11.0212,9.08836,6.63766
24.08.2017 02:50,10.3434,4.25057,10.1768
24.08.2017 03:00,7.62974,9.2959,11.5622
24.08.2017 03:10,1.78804,9.16703,9.25512
24.08.2017 03:20,9.99313,4.14593,11.9255
24.08.2017 03:30,5.71586,9.1384,9.14121
24.08.2017 03:40,1.51448,3.19909,9.70429
23.08.2017 17:10,10.1345,13.3305,11.4458
23.08.2017 17:20,13.583,11.5343,16.5579
23.08.2017 17:30,10.1439,9.3676,10.0075
23.08.2017 17:40,8.33954,9.37429,10.0858
23.08.2017 17:50,12.3662,10.6528,18.4041
23.08.2017 18:00,18.8328,25.6408,25.7018
23.08.2017 18:10,16.9858,15.3155,18.1477
23.08.2017 18:20,29.9008,20.6855,20.2105
23.08.2017 18:30,13.0646,15.5168,19.7343
23.08.2017 18:40,12.4029,20.1582,28.7523
23.08.2017 18:50,17.0768,13.7873,15.9305
23.08.2017 19:00,19.6217,11.8378,14.8728
23.08.2017 19:10,28.1496,19.5653,23.0456
23.08.2017 19:20,20.1105,24.6471,24.9443
23.08.2017 19:30,20.1554,18.2074,23.5975
23.08.2017 19:40,26.9682,25.4792,33.1686
23.08.2017 19:50,21.7516,21.0862,22.1218
23.08.2017 20:00,9.01628,8.33924,16.0765
23.08.2017 20:10,12.9964,10.3653,15.9125
23.08.2017 20:20,10.1877,10.8652,11.6127
23.08.2017 20:30,13.3598,4.20954,19.6662
23.08.2017 20:40,12.2525,10.5416,18.9112
23.08.2017 20:50,4.22443,10.522,17.613
23.08.2017 21:00,3.62967,4.51761,17.6826
23.08.2017 21:10,12.9663,11.2376,18.1581
23.08.2017 21:20,13.2863,10.4912,12.3663
23.08.2017 21:30,7.70828,5.21591,16.2086
23.08.2017 21:40,13.5111,10.4721,14.3933
23.08.2017 21:50,13.1424,4.26008,14.8135
23.08.2017 22:00,11.6458,10.7159,20.5444
23.08.2017 22:10,4.10091,10.2229,16.8889
23.08.2017 22:20,11.73,11.4818,14.6601
24.08.2017 03:50,10.685,9.22063,11.6963
24.08.2017 04:00,10.0481,9.20331,8.84534
24.08.2017 04:10,7.25657,4.94076,10.5104
24.08.2017 04:20,6.58755,9.2753,7.41308
24.08.2017 04:30,4.7367,8.9835,11.6363
24.08.2017 04:40,10.1637,2.90105,12.2415
24.08.2017 04:50,7.08569,9.39457,8.05561
24.08.2017 05:00,10.7884,9.51044,7.22833
24.08.2017 05:10,8.17076,4.59686,7.28492
24.08.2017 05:20,10.6131,9.49479,6.76274
24.08.2017 05:30,4.24591,5.16642,12.2383
24.08.2017 05:40,7.07382,10.0801,11.0259
24.08.2017 05:50,12.5534,11.0584,9.19396
24.08.2017 06:00,8.13083,5.75367,15.6243
24.08.2017 06:10,8.51843,9.7682,8.89943
24.08.2017 06:20,11.913,9.90004,11.7336
24.08.2017 06:30,12.9547,11.4199,20.0685
24.08.2017 06:40,8.69299,10.1087,9.63343
24.08.2017 06:50,11.022,10.7285,12.6377
